Withdrawal,292853,2.0,Fri Mar 07 20:43:53 CST 2025
Deposit,628195,6000.0,Fri Mar 07 20:48:06 CST 2025
Withdrawal,628195,500.0,Fri Mar 07 20:49:06 CST 2025
Withdrawal,628195,500.0,Fri Mar 07 20:52:13 CST 2025
Deposit,628195,500.0,Fri Mar 07 20:52:20 CST 2025
Withdrawal,628195,500.0,Fri Mar 07 20:57:11 CST 2025
Withdrawal,628195,500.0,Fri Mar 07 20:57:11 CST 2025
Withdrawal,628195,500.0,Fri Mar 07 20:57:11 CST 2025
Withdrawal,628195,500.0,Fri Mar 07 20:57:11 CST 2025
Withdrawal,628195,500.0,Fri Mar 07 20:57:11 CST 2025
Withdrawal,628195,500.0,Fri Mar 07 20:57:11 CST 2025
Withdrawal,628195,500.0,Fri Mar 07 20:57:11 CST 2025
Withdrawal,628195,500.0,Fri Mar 07 20:57:11 CST 2025
Withdrawal,628195,500.0,Fri Mar 07 20:57:11 CST 2025
Withdrawal,628195,500.0,Fri Mar 07 20:57:11 CST 2025
Withdrawal,628195,500.0,Fri Mar 07 20:57:11 CST 2025
Transfer,628195,292853,500.0,Fri Mar 07 20:57:11 CST 2025
Transfer,628195,292853,500.0,Fri Mar 07 20:57:11 CST 2025
Transfer,628195,292853,500.0,Fri Mar 07 20:57:11 CST 2025
Transfer,628195,292853,500.0,Fri Mar 07 20:57:11 CST 2025
Transfer,628195,292853,500.0,Fri Mar 07 20:57:11 CST 2025
Transfer,628195,292853,500.0,Fri Mar 07 20:57:11 CST 2025
Transfer,628195,292853,500.0,Fri Mar 07 20:57:11 CST 2025
Transfer,628195,292853,500.0,Fri Mar 07 20:57:11 CST 2025
Transfer,628195,292853,500.0,Fri Mar 07 20:57:11 CST 2025
Transfer,628195,292853,500.0,Fri Mar 07 20:57:11 CST 2025
Transfer,628195,292853,500.0,Fri Mar 07 20:57:11 CST 2025
Deposit,628195,6000.0,Fri Mar 07 21:01:25 CST 2025
Withdrawal,628195,500.0,Fri Mar 07 21:01:38 CST 2025
Withdrawal,628195,500.0,Fri Mar 07 21:01:38 CST 2025
Withdrawal,628195,500.0,Fri Mar 07 21:01:38 CST 2025
Withdrawal,628195,500.0,Fri Mar 07 21:01:38 CST 2025
Withdrawal,628195,500.0,Fri Mar 07 21:01:38 CST 2025
Withdrawal,628195,500.0,Fri Mar 07 21:01:38 CST 2025
Withdrawal,628195,500.0,Fri Mar 07 21:01:38 CST 2025
Withdrawal,628195,500.0,Fri Mar 07 21:01:38 CST 2025
Withdrawal,628195,500.0,Fri Mar 07 21:01:38 CST 2025
Withdrawal,628195,500.0,Fri Mar 07 21:01:38 CST 2025
Withdrawal,628195,500.0,Fri Mar 07 21:01:38 CST 2025
Withdrawal,628195,500.0,Fri Mar 07 21:01:38 CST 2025
Transfer,628195,292853,500.0,Fri Mar 07 21:01:38 CST 2025
Transfer,628195,292853,500.0,Fri Mar 07 21:01:38 CST 2025
Transfer,628195,292853,500.0,Fri Mar 07 21:01:38 CST 2025
Transfer,628195,292853,500.0,Fri Mar 07 21:01:38 CST 2025
Transfer,628195,292853,500.0,Fri Mar 07 21:01:38 CST 2025
Transfer,628195,292853,500.0,Fri Mar 07 21:01:38 CST 2025
Transfer,628195,292853,500.0,Fri Mar 07 21:01:38 CST 2025
Transfer,628195,292853,500.0,Fri Mar 07 21:01:38 CST 2025
Transfer,628195,292853,500.0,Fri Mar 07 21:01:38 CST 2025
Transfer,628195,292853,500.0,Fri Mar 07 21:01:38 CST 2025
Transfer,628195,292853,500.0,Fri Mar 07 21:01:38 CST 2025
Transfer,628195,292853,500.0,Fri Mar 07 21:01:38 CST 2025
Deposit,628195,5000.0,Fri Mar 07 21:07:38 CST 2025
Transfer,628195,292853,500.0,Fri Mar 07 21:09:12 CST 2025
